model,cross-domain,in-domain
LogReg,0.6196847999214654,0.7375970990418182
RF,0.6098044754879796,0.7855632036133626
MLP,0.6656137207179241,0.7064776474878912
