Replicate,Sample Mean
Replicate_1,0.7523583889193833
Replicate_2,0.7474999709241092
Replicate_3,0.7493701903149486
Replicate_4,0.7501963992603123
Replicate_5,0.7529832119308412
Replicate_6,0.7487487976253032
Replicate_7,0.7498426039144397
Replicate_8,0.7490524311177432
Replicate_9,0.7500268475525081
Replicate_10,0.7524993766285479
