Replicate,Sample Mean
Replicate_1,1.5355000394980596
Replicate_2,1.8297903384625567
Replicate_3,1.6642480510112816
Replicate_4,1.817296018174183
Replicate_5,1.7093896928734855
Replicate_6,1.5385687955848033
Replicate_7,1.6646327129999632
Replicate_8,1.8594553645705687
Replicate_9,1.6864288781322871
Replicate_10,1.8495313937761202
